Вид,Код,Име,Публикувано,Подбран ли е?,Видимост в каталога,Кратко описание,Описание,Начална дата на намалението,Крайна дата на намалението,Състояние на таксата,Клас на такса,В наличност?,Наличност,Ниска наличност,Разрешаване на поръчки при изчерпани наличности?,Индивидуално продаване?,Тегло (kg),Дължина (cm),Ширина (cm),Височина (cm),Да се позволи ли на потребителите да въвеждат отзиви?,Бележка при поръчка,Промоционална цена:,Редовна цена:,Категории,Етикети,Клас на доставка,Изображения,Лимит на изтеглянията,Дни на валидност на възможността за изтегляне,Родителски,Групирани продукти,По-скъпи,Свързани,Външен адрес,Текст на бутон,Позиция,Featured attributes,Име на атрибута 1,Стойност(и) на атрибута 1,Атрибутът 1 е видим,Глобален ли е атрибутът 1,Име на атрибута 2,Стойност(и) на атрибута 2,Атрибутът 2 е видим,Глобален ли е атрибутът 2,Име на атрибута 3,Стойност(и) на атрибута 3,Атрибутът 3 е видим,Глобален ли е атрибутът 3,Име на атрибута 4,Стойност(и) на атрибута 4,Атрибутът 4 е видим,Глобален ли е атрибутът 4,Мета: rank_math_internal_links_processed,Мета: inline_featured_image,Мета: _wp_page_template,Мета: _oembed_time_4bb1519c0d48216668f4635d642ba059,Мета: _oembed_time_043af4273a985994ffee89f50281f2c0,Мета: _oembed_time_35685db3bb5eeefe73cf191626b3d519,Мета: _wp_old_date,Мета: rank_math_seo_score,Мета: rank_math_primary_product_cat,Мета: rank_math_focus_keyword,Мета: rank_math_description
"simple","58410-P","Основа за дръжка Пасат4/5 / Алхамбра/ Шаран","1","0","visible","Основа за дръжка Пасат4/5 / Алхамбра/ Шаран. Открийте най-качествените автоаксесоари в онлайн магазин CarsZona. Разгледайте нашата гама от предложения. Пазарувайте лесно и изгодно!","Основа за дръжка Пасат4/5 / Алхамбра/ Шаран
","","","taxable","","1","","","0","0","","","","","1","","","19","Екстериор, Екстериор > Дръжки за врати","","","https://carszona.com/wp-content/uploads/2022/05/carsz.jpg","","","","","","","","","0","a:3:{i:0;s:8:""pa_phone"";i:1;s:8:""pa_ekont"";i:2;s:9:""pa_speedy"";}","Производител","Universal","1","1","Телефон за поръчки","088-595-6256","1","1","Доставка с Еконт","Да","1","1","Доставка със Спиди","Да","1","1","1","0","default","1650192542","1650192558","1650192558","2021-01-07","63","849","Основа за дръжка Пасат4/5 / Алхамбра/ Шаран","Основа за дръжка Пасат4/5 / Алхамбра/ Шаран. Открийте най-качествените автоаксесоари в онлайн магазин CarsZona. Разгледайте нашата гама от предложения. Пазарувайте лесно и изгодно!"
"simple","58411-P","Основа за дръжка Голф 4/ Бора/ Джета","1","0","visible","Основа за дръжка Голф 4/ Бора/ Джета. Открийте най-качествените автоаксесоари в онлайн магазин CarsZona. Разгледайте нашата гама от предложения. Пазарувайте лесно и изгодно!","Основа за дръжка Голф 4/ Бора/ Джета
","","","taxable","","1","","","0","0","","","","","1","","","19","Екстериор, Екстериор > Дръжки за врати","","","https://carszona.com/wp-content/uploads/2022/05/carsz.jpg","","","","","","","","","0","a:3:{i:0;s:8:""pa_phone"";i:1;s:8:""pa_ekont"";i:2;s:9:""pa_speedy"";}","Производител","Universal","1","1","Телефон за поръчки","088-595-6256","1","1","Доставка с Еконт","Да","1","1","Доставка със Спиди","Да","1","1","1","0","default","1650192542","1650192558","1650192558","2021-01-07","63","849","Основа за дръжка Голф 4/ Бора/ Джета","Основа за дръжка Голф 4/ Бора/ Джета. Открийте най-качествените автоаксесоари в онлайн магазин CarsZona. Разгледайте нашата гама от предложения. Пазарувайте лесно и изгодно!"
"simple","1618-P","Декорация за дръжка VW/Seat","1","0","visible","Декорация за дръжка VW/Seat. Открийте най-качествените автоаксесоари в онлайн магазин CarsZona. Разгледайте нашата гама от предложения. Пазарувайте лесно и изгодно!","Декорация за дръжка VW/Seat
<h4>Характеристики</h4>
<ul>
	
	<li>Подходяща за Seat Toledo 4/99+ ; Seat Leon 11/99+ ; VW Golf 4 1997 ; VW Bora 1998 ; VW Passat 1996-2000</li>
	<li>Цвят: хром</li>
</ul>","","","taxable","","1","","","0","0","","","","","1","","","8","Екстериор, Екстериор > Дръжки за врати","","","https://carszona.com/wp-content/uploads/2022/05/carsz.jpg","","","","","","","","","0","a:3:{i:0;s:8:""pa_phone"";i:1;s:8:""pa_ekont"";i:2;s:9:""pa_speedy"";}","Производител","Universal","1","1","Телефон за поръчки","088-595-6256","1","1","Доставка с Еконт","Да","1","1","Доставка със Спиди","Да","1","1","1","0","default","1650192542","1650192558","1650192558","2021-01-07","63","849","Декорация за дръжка VW/Seat","Декорация за дръжка VW/Seat. Открийте най-качествените автоаксесоари в онлайн магазин CarsZona. Разгледайте нашата гама от предложения. Пазарувайте лесно и изгодно!"
"simple","181898-P","Вътрешна дръжка за врата VW Golf 4 / Passat (B5) / Sharan","1","0","visible","Вътрешна дръжка за врата VW Golf 4 / Passat (B5) / Sharan. Открийте най-качествените автоаксесоари в онлайн магазин CarsZona. Разгледайте нашата гама от предложения. Пазарувайте лесно и изгодно!","Вътрешна дръжка за врата VW Golf 4 / Passat (B5) / Sharan
<h4>Характеристики</h4>
<ul>
	
	<li>Вътрешна дръжка за врата.</li>
	<li>Подходяща за VW GOLF 4, Bora, Passat B5, Passat B5.5, Sharan, Skoda Superb, Seat Alhambra, Ford Galaxy</li>
	<li>OEM: 3B1867171E</li>
	<li>Цвят: Черен.</li>
</ul>","","","taxable","","1","","","0","0","","","","","1","","","16","Екстериор, Екстериор > Дръжки за врати","","","https://carszona.com/wp-content/uploads/2022/05/carsz.jpg","","","","","","","","","0","a:3:{i:0;s:8:""pa_phone"";i:1;s:8:""pa_ekont"";i:2;s:9:""pa_speedy"";}","Производител","Universal","1","1","Телефон за поръчки","088-595-6256","1","1","Доставка с Еконт","Да","1","1","Доставка със Спиди","Да","1","1","1","0","default","1650192542","1650192558","1650192558","2021-01-07","63","849","Вътрешна дръжка за врата VW Golf 4 / Passat (B5) / Sharan","Вътрешна дръжка за врата VW Golf 4 / Passat (B5) / Sharan. Открийте най-качествените автоаксесоари в онлайн магазин CarsZona. Разгледайте нашата гама от предложения. Пазарувайте лесно и изгодно!"
"simple","183112-P","Вътрешна дръжка за врата Mercedes-Benz GLK,W212,W204 лява","1","0","visible","Вътрешна дръжка за врата Mercedes-Benz GLK,W212,W204 лява. Открийте най-качествените автоаксесоари в онлайн магазин CarsZona. Разгледайте нашата гама от предложения. Пазарувайте лесно и изгодно!","Вътрешна дръжка за врата Mercedes-Benz GLK,W212,W204 лява
<h4>Характеристики</h4>
<ul>
	
	<li>Вътрешна&nbsp;дръжка&nbsp;за врата лява .</li>
	<li>Подходяща&nbsp;за <strong>GLK 2008 - 20015, W204 2007 - 2015, W212 2007 - 2015.</strong></li>
	<li>Подходяща&nbsp;за предни и задни врати.</li>
	<li>Цвят: Сив.</li>
</ul>","","","taxable","","1","","","0","0","","","","","1","","","19","Екстериор, Екстериор > Дръжки за врати","","","https://carszona.com/wp-content/uploads/2022/05/carsz.jpg","","","","","","","","","0","a:3:{i:0;s:8:""pa_phone"";i:1;s:8:""pa_ekont"";i:2;s:9:""pa_speedy"";}","Производител","Universal","1","1","Телефон за поръчки","088-595-6256","1","1","Доставка с Еконт","Да","1","1","Доставка със Спиди","Да","1","1","1","0","default","1650192542","1650192558","1650192558","2021-01-07","63","849","Вътрешна дръжка за врата Mercedes-Benz GLK,W212,W204 лява","Вътрешна дръжка за врата Mercedes-Benz GLK,W212,W204 лява. Открийте най-качествените автоаксесоари в онлайн магазин CarsZona. Разгледайте нашата гама от предложения. Пазарувайте лесно и изгодно!"
"simple","5873-P","Дръжка бус подходяща за Mercedes 609 / 709","1","0","visible","Дръжка бус подходяща за Mercedes 609 / 709. Открийте най-качествените автоаксесоари в онлайн магазин CarsZona. Разгледайте нашата гама от предложения. Пазарувайте лесно и изгодно!","Дръжка бус подходяща за Mercedes 609 / 709
<h4>Характеристики</h4>
<ul>
	
	<li>Дръжката е оборудвана с патрон за заключване и 2 бр. ключове.</li>
	<li>Директен монтаж.</li>
	<li>Перфектно пасване.</li>
	<li>Качествена изработка.</li>
</ul>","","","taxable","","1","","","0","0","","","","","1","","","10","Екстериор, Екстериор > Дръжки за врати","","","https://carszona.com/wp-content/uploads/2022/05/carsz.jpg","","","","","","","","","0","a:3:{i:0;s:8:""pa_phone"";i:1;s:8:""pa_ekont"";i:2;s:9:""pa_speedy"";}","Производител","Universal","1","1","Телефон за поръчки","088-595-6256","1","1","Доставка с Еконт","Да","1","1","Доставка със Спиди","Да","1","1","1","0","default","1650192542","1650192558","1650192558","2021-01-07","63","849","Дръжка бус подходяща за Mercedes 609 / 709","Дръжка бус подходяща за Mercedes 609 / 709. Открийте най-качествените автоаксесоари в онлайн магазин CarsZona. Разгледайте нашата гама от предложения. Пазарувайте лесно и изгодно!"
"simple","58102-P","Дръжка багажник подходяща за Golf III->92","1","0","visible","Дръжка багажник подходяща за Golf III->92. Открийте най-качествените автоаксесоари в онлайн магазин CarsZona. Разгледайте нашата гама от предложения. Пазарувайте лесно и изгодно!","Дръжка багажник подходяща за Golf III->92
<h4>Характеристики</h4>
<ul>
	
	<li>Директен монтаж.</li>
	<li>Перфектно пасване.</li>
	<li>Качествена изработка.</li>
	<li>Патрон за заключване с 2 бр. ключове.</li>
</ul>","","","taxable","","1","","","0","0","","","","","1","","","9","Екстериор, Екстериор > Дръжки за врати","","","https://carszona.com/wp-content/uploads/2022/05/carsz.jpg","","","","","","","","","0","a:3:{i:0;s:8:""pa_phone"";i:1;s:8:""pa_ekont"";i:2;s:9:""pa_speedy"";}","Производител","Universal","1","1","Телефон за поръчки","088-595-6256","1","1","Доставка с Еконт","Да","1","1","Доставка със Спиди","Да","1","1","1","0","default","1650192542","1650192558","1650192558","2021-01-07","63","849","Дръжка багажник подходяща за Golf III->92","Дръжка багажник подходяща за Golf III->92. Открийте най-качествените автоаксесоари в онлайн магазин CarsZona. Разгледайте нашата гама от предложения. Пазарувайте лесно и изгодно!"